{
    "effnetb3": {
        "MCD SE": [
            0.019825078547000885,
            0.02916310355067253,
            0.038341689854860306,
            0.037881460040807724
        ],
        "MCD MI": [
            0.023004451766610146,
            0.03158850967884064,
            0.019382914528250694,
            0.029863113537430763
        ],
        "Bag SE": [
            0.023169293999671936,
            0.023323580622673035,
            0.030629703775048256,
            0.01303327176719904
        ],
        "Bag MI": [
            0.020634135231375694,
            0.02053847722709179,
            0.027765406295657158,
            0.03530866652727127
        ],
        "DA SE": [
            0.0237810667604208,
            0.018005622550845146,
            0.013901909813284874,
            0.018152277916669846
        ],
        "DA MI": [
            0.019138090312480927,
            0.020919756963849068,
            0.019260812550783157,
            0.01990933157503605
        ],
        "ZIS SE": [
            0.02370190992951393,
            0.013139584101736546,
            0.03043639473617077,
            0.02891087718307972
        ],
        "ZIS MI": [
            0.014629741199314594,
            0.016587689518928528,
            0.04820654168725014,
            0.01781921461224556
        ],
        "NUC Tr": [
            0.37837010622024536,
            0.37840017676353455,
            0.3781651556491852,
            0.3784283995628357
        ],
        "NUC Va": [
            0.102240189909935,
            0.09204677492380142,
            0.0997656062245369,
            0.09675385057926178
        ],
        "Soft SE": [
            0.02023305557668209,
            0.02023305557668209,
            0.02023305557668209,
            0.02023305557668209
        ]
    },
    "CNN_cifar100": {
        "MCD SE": [
            0.016846977174282074,
            0.01824680157005787,
            0.016754930838942528,
            0.011840753257274628,
            0.013417182490229607
        ],
        "MCD MI": [
            0.005400908645242453,
            0.008846007287502289,
            0.011686943471431732,
            0.01735025644302368,
            0.017253374680876732
        ],
        "Bag SE": [
            0.015955068171024323,
            0.021932151168584824,
            0.016066614538431168,
            0.02177172526717186,
            0.01549715269356966
        ],
        "Bag MI": [
            0.018124595284461975,
            0.016916213557124138,
            0.015056543052196503,
            0.016804322600364685,
            0.012254725210368633
        ],
        "DA SE": [
            0.01355335395783186,
            0.015487759374082088,
            0.015735778957605362,
            0.017920751124620438,
            0.009600010700523853
        ],
        "DA MI": [
            0.01951160654425621,
            0.013630450703203678,
            0.016381394118070602,
            0.015296719036996365,
            0.011894180439412594
        ],
        "ZIS SE": [
            0.01447872631251812,
            0.01604582369327545,
            0.016918297857046127,
            0.01248104590922594,
            0.016260994598269463
        ],
        "ZIS MI": [
            0.02190415747463703,
            0.014026813209056854,
            0.014524079859256744,
            0.018742235377430916,
            0.01587878353893757
        ],
        "NUC Tr": [
            0.05836484953761101,
            0.06380116194486618,
            0.07517988979816437,
            0.07788294553756714,
            0.04790574312210083,
            0.11262309551239014,
            0.09502220153808594,
            0.03983237221837044,
            0.1131378784775734,
            0.10790932923555374
        ],
        "NUC Va": [
            0.023585660383105278,
            0.02570602484047413,
            0.02388870157301426,
            0.022650297731161118,
            0.02050253376364708,
            0.025947732850909233,
            0.023567497730255127,
            0.02236121892929077,
            0.025178147479891777,
            0.025023119524121284
        ],
        "Soft SE": [
            0.012225762009620667,
            0.012225762009620667,
            0.012225762009620667,
            0.012225762009620667,
            0.012225762009620667
        ]
    },
    "CNN_cifar10": {
        "MCD SE": [
            0.013148260302841663,
            0.010325340554118156,
            0.014319950714707375,
            0.011739897541701794,
            0.012923290953040123
        ],
        "MCD MI": [
            0.01386738009750843,
            0.010697027668356895,
            0.008883976377546787,
            0.010727031156420708,
            0.007717793807387352
        ],
        "Bag SE": [
            0.014249512925744057,
            0.01569366082549095,
            0.009753945283591747,
            0.010897691361606121,
            0.01689605787396431
        ],
        "Bag MI": [
            0.01366923563182354,
            0.008855135180056095,
            0.011809568852186203,
            0.009203349240124226,
            0.007680431939661503
        ],
        "DA SE": [
            0.010707766748964787,
            0.011452903971076012,
            0.011462935246527195,
            0.020938320085406303,
            0.012732005678117275
        ],
        "DA MI": [
            0.012355485931038857,
            0.015505661256611347,
            0.009474852122366428,
            0.01796036586165428,
            0.00890294462442398
        ],
        "ZIS SE": [
            0.011952233500778675,
            0.010446153581142426,
            0.011473944410681725,
            0.014254679903388023,
            0.008938767947256565
        ],
        "ZIS MI": [
            0.010935977101325989,
            0.007792529184371233,
            0.012851121835410595,
            0.009436124004423618,
            0.011024362407624722
        ],
        "NUC Tr": [
            0.034867916256189346,
            0.08697188645601273,
            0.05553731694817543,
            0.0883224606513977,
            0.06010441854596138,
            0.05237197130918503
        ],
        "NUC Va": [
            0.01970851980149746,
            0.017297271639108658,
            0.020902933552861214,
            0.018582087010145187,
            0.02945605479180813,
            0.024458274245262146
        ],
        "Soft SE": [
            0.016419194638729095,
            0.016419194638729095,
            0.016419194638729095,
            0.016419194638729095,
            0.016419194638729095
        ]
    },
    "CNN_cifar10_100": {
        "MCD SE": [
            0.184140145778656,
            0.19991926848888397,
            0.1703280508518219,
            0.13280871510505676,
            0.14307305216789246,
            0.19620555639266968,
            0.181845560669899,
            0.10731804370880127,
            0.16731494665145874
        ],
        "MCD MI": [
            0.10012491792440414,
            0.14095163345336914,
            0.09330049157142639,
            0.0934004858136177,
            0.09220048785209656,
            0.135001078248024,
            0.15739253163337708,
            0.09210048615932465,
            0.09260048717260361
        ],
        "Bag SE": [
            0.15679877996444702,
            0.12945695221424103,
            0.27529293298721313,
            0.2241719514131546,
            0.2353997379541397,
            0.09522964060306549,
            0.18170981109142303,
            0.09589562565088272,
            0.13275712728500366
        ],
        "Bag MI": [
            0.1832001507282257,
            0.10990527272224426,
            0.15720058977603912,
            0.11890102177858353,
            0.23629868030548096,
            0.1489735096693039,
            0.14798051118850708,
            0.0698004886507988,
            0.11162219196557999
        ],