{
    "effnetb3": {
        "MCD SE": [
            0.019825078547000885
        ],
        "MCD MI": [
            0.023004451766610146
        ],
        "Bag SE": [
            0.023169293999671936
        ],
        "Bag MI": [
            0.020634135231375694
        ],
        "DA SE": [
            0.0237810667604208
        ],
        "DA MI": [
            0.019138090312480927
        ],
        "ZIS SE": [
            0.02370190992951393
        ],
        "ZIS MI": [
            0.014629741199314594
        ],
        "NUC Tr": [
            0.37837010622024536
        ],
        "NUC Va": [
            0.102240189909935
        ],
        "Soft SE": [
            0.02023305557668209
        ]
    },
    "CNN_cifar100": {
        "MCD SE": [
            0.016846977174282074,
            0.01824680157005787,
            0.016754930838942528,
            0.011840753257274628,
            0.013417182490229607
        ],
        "MCD MI": [
            0.005400908645242453,
            0.008846007287502289,
            0.011686943471431732,
            0.01735025644302368,
            0.017253374680876732
        ],
        "Bag SE": [
            0.015955068171024323,
            0.021932151168584824,
            0.016066614538431168,
            0.02177172526717186,
            0.01549715269356966
        ],
        "Bag MI": [
            0.018124595284461975,
            0.016916213557124138,
            0.015056543052196503,
            0.016804322600364685,
            0.012254725210368633
        ],
        "DA SE": [
            0.01355335395783186,
            0.015487759374082088,
            0.015735778957605362,
            0.017920751124620438,
            0.009600010700523853
        ],
        "DA MI": [
            0.01951160654425621,
            0.013630450703203678,
            0.016381394118070602,
            0.015296719036996365,
            0.011894180439412594
        ],
        "ZIS SE": [
            0.01447872631251812,
            0.01604582369327545,
            0.016918297857046127,
            0.01248104590922594,
            0.016260994598269463
        ],
        "ZIS MI": [
            0.02190415747463703,
            0.014026813209056854,
            0.014524079859256744,
            0.018742235377430916,
            0.01587878353893757
        ],
        "NUC Tr": [
            0.022171685472130775,
            0.051600102335214615,
            0.09117572754621506,
            0.09804419428110123,
            0.08014024049043655
        ],
        "NUC Va": [
            0.019909467548131943,
            0.023937644436955452,
            0.019671931862831116,
            0.025751836597919464,
            0.019471794366836548
        ],
        "Soft SE": [
            0.012225762009620667,
            0.012225762009620667,
            0.012225762009620667,
            0.012225762009620667,
            0.012225762009620667
        ]
    },
    "CNN_cifar10": {
        "MCD SE": [
            0.013148260302841663,
            0.010325340554118156,
            0.014319950714707375,
            0.011739897541701794,
            0.012923290953040123
        ],
        "MCD MI": [
            0.01386738009750843,
            0.010697027668356895,
            0.008883976377546787,
            0.010727031156420708,
            0.007717793807387352
        ],
        "Bag SE": [
            0.014249512925744057,
            0.01569366082549095,
            0.009753945283591747,
            0.010897691361606121,
            0.01689605787396431
        ],
        "Bag MI": [
            0.01366923563182354,
            0.008855135180056095,
            0.011809568852186203,
            0.009203349240124226,
            0.007680431939661503
        ],
        "DA SE": [
            0.010707766748964787,
            0.011452903971076012,
            0.011462935246527195,
            0.020938320085406303,
            0.012732005678117275
        ],
        "DA MI": [
            0.012355485931038857,
            0.015505661256611347,
            0.009474852122366428,
            0.01796036586165428,
            0.00890294462442398
        ],
        "ZIS SE": [
            0.011952233500778675,
            0.010446153581142426,
            0.011473944410681725,
            0.014254679903388023,
            0.008938767947256565
        ],
        "ZIS MI": [
            0.010935977101325989,
            0.007792529184371233,
            0.012851121835410595,
            0.009436124004423618,
            0.011024362407624722
        ],
        "NUC Tr": [
            0.02670244127511978,
            0.09280522167682648,
            0.020638249814510345,
            0.09336723387241364,
            0.05132108926773071
        ],
        "NUC Va": [
            0.020114153623580933,
            0.023461559787392616,
            0.017560571432113647,
            0.0184926837682724,
            0.0334254652261734
        ],
        "Soft SE": [
            0.016419194638729095,
            0.016419194638729095,
            0.016419194638729095,
            0.016419194638729095,
            0.016419194638729095
        ]
    },
    "CNN_cifar10_100": {
        "MCD SE": [
            0.01236511580646038,
            0.016984451562166214,
            0.014656208455562592,
            0.01919919066131115,
            0.01703391969203949,
            0.013004097156226635,
            0.01751972734928131,
            0.012437368743121624,
            0.01674177125096321
        ],
        "MCD MI": [
            0.009959167800843716,
            0.010636327788233757,
            0.013198044151067734,
            0.011951237916946411,
            0.012771242298185825,
            0.014751921407878399,
            0.017747683450579643,
            0.010570956394076347,
            0.011533385142683983
        ],
        "Bag SE": [
            0.011539467610418797,
            0.006157000549137592,
            0.01142670027911663,
            0.010247266851365566,
            0.014620237983763218,
            0.010934566147625446,
            0.018472135066986084,
            0.010001449845731258,
            0.009038333781063557
        ],
        "Bag MI": [
            0.0009985581273213029,
            0.0014500718098133802,
            0.00032880858634598553,
            2.9296876391526894e-07,
            0.0024004883598536253,
            0.004287842661142349,
            0.013300195336341858,
            0.0025412598624825478,
            0.0008228101651184261
        ],
        "DA SE": [
            0.012508970685303211,
            0.014786338433623314,
            0.005839938297867775,
            0.016421938315033913,
            0.011196770705282688,
            0.008747773244976997,
            0.012600361369550228,
            0.014854306355118752,
            0.013074987567961216
        ],
        "DA MI": [
            0.0002616699202917516,
            0.005065560340881348,
            0.0038949192967265844,
            0.002999755786731839,
            0.0006448730709962547,
            0.0019991211593151093,
            0.007885043509304523,
            0.0013104004319757223,
            0.0027226507663726807
        ],
        "ZIS SE": [
            0.015589071437716484,
            0.01374407671391964,
            0.010746226646006107,
            0.011986781843006611,
            0.01567472517490387,
            0.014301914721727371,
            0.008439693599939346,
            0.018271129578351974,
            0.01696818508207798
        ],
        "ZIS MI": [
            0.00023315429280046374,
            0.002777248853817582,
            0.0012995849829167128,
            0.001034106477163732,
            0.00019970703579019755,
            0.0010004882933571935,
            0.00160100101493299,
            0.005194726400077343,
            0.007900536991655827
        ],