{
    "cars196": {
        "Max Soft": {
            "auroc": [
                0.7671036124229431,
                0.7671036124229431,
                0.7671036124229431,
                0.7671036124229431,
                0.7671036124229431,
                0.7671036124229431,
                0.7671036124229431
            ],
            "aupr": [
                0.9218568801879883,
                0.9218568801879883,
                0.9218568801879883,
                0.9218568801879883,
                0.9218568801879883,
                0.9218568801879883,
                0.9218568801879883
            ]
        },
        "MCD PE": {
            "auroc": [
                0.814782440662384,
                0.8120938539505005,
                0.8150317668914795,
                0.812531590461731,
                0.8174781799316406,
                0.8148894309997559,
                0.8170559406280518
            ],
            "aupr": [
                0.9408481121063232,
                0.9389976859092712,
                0.9411206245422363,
                0.9394839406013489,
                0.9421828985214233,
                0.9400792121887207,
                0.9417033195495605
            ]
        },
        "MCD MI": {
            "auroc": [
                0.8116753101348877,
                0.8103766441345215,
                0.8126054406166077,
                0.8088665008544922,
                0.8138080835342407,
                0.81114661693573,
                0.814788818359375
            ],
            "aupr": [
                0.939638078212738,
                0.9386947154998779,
                0.9400554299354553,
                0.9375907182693481,
                0.9409121870994568,
                0.9384746551513672,
                0.9410185813903809
            ]
        },
        "Bag PE": {
            "auroc": [
                0.8121488094329834,
                0.8134481906890869,
                0.8177369832992554,
                0.8180689811706543
            ],
            "aupr": [
                0.9354398846626282,
                0.9364407658576965,
                0.940384566783905,
                0.9418652057647705
            ]
        },
        "Bag MI": {
            "auroc": [
                0.7860004901885986,
                0.7840359210968018,
                0.7933223247528076,
                0.7874817848205566
            ],
            "aupr": [
                0.9242615699768066,
                0.9244368672370911,
                0.9311713576316833,
                0.9267730712890625
            ]
        },
        "DA PE": {
            "auroc": [
                0.8623111844062805,
                0.8640770316123962,
                0.8574126958847046,
                0.8587890267372131
            ],
            "aupr": [
                0.9466137290000916,
                0.9430959820747375,
                0.9439427256584167,
                0.9448334574699402
            ]
        },
        "DA MI": {
            "auroc": [
                0.8431370854377747,
                0.84601229429245,
                0.835126519203186,
                0.8391764760017395
            ],
            "aupr": [
                0.9376529455184937,
                0.9338353872299194,
                0.9329826235771179,
                0.9357525706291199
            ]
        },
        "NUC Tr": {
            "auroc": [
                0.5106098055839539,
                0.4050428867340088,
                0.4321694076061249,
                0.47863003611564636,
                0.6541426181793213,
                0.4350588321685791,
                0.514538049697876
            ],
            "aupr": [
                0.7976894378662109,
                0.7599500417709351,
                0.7699478268623352,
                0.7816646695137024,
                0.8738410472869873,
                0.7684206366539001,
                0.8031882643699646
            ]
        },
        "NUC Va": {
            "auroc": [
                0.6898645758628845,
                0.6933341026306152,
                0.6915783882141113,
                0.6811786890029907,
                0.6947389841079712,
                0.6942365169525146,
                0.6993439197540283
            ],
            "aupr": [
                0.8926206827163696,
                0.8914492130279541,
                0.8930374383926392,
                0.8821569085121155,
                0.8926293849945068,
                0.8921939134597778,
                0.8973754644393921
            ]
        },
        "SE": {
            "auroc": [
                0.7832691073417664,
                0.7832691073417664,
                0.7832691073417664,
                0.7832691073417664,
                0.7832691073417664,
                0.7832691073417664,
                0.7832691073417664
            ],
            "aupr": [
                0.9291073679924011,
                0.9291073679924011,
                0.9291073679924011,
                0.9291073679924011,
                0.9291073679924011,
                0.9291073679924011,
                0.9291073679924011
            ]
        }
    },
    "cifar100": {
        "Max Soft": {
            "auroc": [
                0.7445721626281738,
                0.7445721626281738,
                0.7445721626281738,
                0.7445721626281738,
                0.7445721626281738,
                0.7445721626281738,
                0.7602470517158508
            ],
            "aupr": [
                0.97226482629776,
                0.97226482629776,
                0.97226482629776,
                0.97226482629776,
                0.97226482629776,
                0.97226482629776,
                0.9735851287841797
            ]
        },
        "MCD PE": {
            "auroc": [
                0.7348539233207703,
                0.737774133682251,
                0.7373089790344238,
                0.7362180352210999,
                0.7353023290634155,
                0.7367413640022278,
                0.7490085959434509
            ],
            "aupr": [
                0.9694991707801819,
                0.969927191734314,
                0.9696072340011597,
                0.9695279002189636,
                0.9692741632461548,
                0.9694849848747253,
                0.9710820317268372
            ]
        },
        "MCD MI": {
            "auroc": [
                0.7116084098815918,
                0.7102124691009521,
                0.7122602462768555,
                0.7120424509048462,
                0.7081771492958069,
                0.708465576171875,
                0.7228337526321411
            ],
            "aupr": [
                0.965224027633667,
                0.9647197723388672,
                0.9653496146202087,
                0.9648516774177551,
                0.9647215008735657,
                0.9650623202323914,
                0.9644424319267273
            ]
        },
        "Bag PE": {
            "auroc": [
                0.7410808205604553,
                0.733778715133667,
                0.7382944822311401,
                0.7284854650497437,
                0.7426912188529968,
                0.7389643788337708,
                0.7215657830238342
            ],
            "aupr": [
                0.9693284630775452,
                0.9685551524162292,
                0.9689645171165466,
                0.9677230715751648,
                0.9708676338195801,
                0.967694878578186,
                0.9731835722923279
            ]
        },
        "Bag MI": {
            "auroc": [
                0.7106994986534119,
                0.6909493207931519,
                0.6886833906173706,
                0.6965557336807251,
                0.707271158695221,
                0.7004987001419067,
                0.6522445678710938
            ],