{
    "cars196": {
        "Max Soft": {
            "auroc": [],
            "aupr": []
        },
        "MCD SE": {
            "auroc": [],
            "aupr": []
        },
        "MCD MI": {
            "auroc": [],
            "aupr": []
        },
        "Bag SE": {
            "auroc": [],
            "aupr": []
        },
        "Bag MI": {
            "auroc": [],
            "aupr": []
        },
        "DA SE": {
            "auroc": [],
            "aupr": []
        },
        "DA MI": {
            "auroc": [],
            "aupr": []
        },
        "NUC Tr": {
            "auroc": [],
            "aupr": []
        },
        "NUC Va": {
            "auroc": [],
            "aupr": []
        },
        "Soft SE": {
            "auroc": [],
            "aupr": []
        }
    },
    "cifar100": {
        "Max Soft": {
            "auroc": [
                0.7445721626281738,
                0.7445721626281738,
                0.7445721626281738,
                0.7445721626281738,
                0.7445721626281738,
                0.7445721626281738
            ],
            "aupr": [
                0.97226482629776,
                0.97226482629776,
                0.97226482629776,
                0.97226482629776,
                0.97226482629776,
                0.97226482629776
            ]
        },
        "MCD SE": {
            "auroc": [
                0.7348539233207703,
                0.737774133682251,
                0.7373089790344238,
                0.7362180352210999,
                0.7353023290634155,
                0.7367413640022278
            ],
            "aupr": [
                0.9694991707801819,
                0.969927191734314,
                0.9696072340011597,
                0.9695279002189636,
                0.9692741632461548,
                0.9694849848747253
            ]
        },
        "MCD MI": {
            "auroc": [
                0.7116084098815918,
                0.7102124691009521,
                0.7122602462768555,
                0.7120424509048462,
                0.7081771492958069,
                0.708465576171875
            ],
            "aupr": [
                0.965224027633667,
                0.9647197723388672,
                0.9653496146202087,
                0.9648516774177551,
                0.9647215008735657,
                0.9650623202323914
            ]
        },
        "Bag SE": {
            "auroc": [
                0.7410808205604553,
                0.733778715133667,
                0.7382944822311401,
                0.7284854650497437,
                0.7426912188529968,
                0.7389643788337708
            ],
            "aupr": [
                0.9693284630775452,
                0.9685551524162292,
                0.9689645171165466,
                0.9677230715751648,
                0.9708676338195801,
                0.967694878578186
            ]
        },
        "Bag MI": {
            "auroc": [
                0.7106994986534119,
                0.6909493207931519,
                0.6886833906173706,
                0.6965557336807251,
                0.707271158695221,
                0.7004987001419067
            ],
            "aupr": [
                0.9635093808174133,
                0.9592351913452148,
                0.9595893621444702,
                0.961441159248352,
                0.9622123837471008,
                0.9599217176437378
            ]
        },
        "DA SE": {
            "auroc": [
                0.7503467798233032,
                0.7491790056228638,
                0.7440905570983887,
                0.747151255607605,
                0.7453384399414062,
                0.7420854568481445
            ],
            "aupr": [
                0.96843421459198,
                0.9679901599884033,
                0.9668911695480347,
                0.9674606919288635,
                0.967500627040863,
                0.9668521285057068
            ]
        },
        "DA MI": {
            "auroc": [
                0.7149578928947449,
                0.7011432647705078,
                0.7125811576843262,
                0.7123590707778931,
                0.7058937549591064,
                0.714634120464325
            ],
            "aupr": [
                0.9608107805252075,
                0.9581037759780884,
                0.9599196910858154,
                0.9604537487030029,
                0.9593779444694519,
                0.9606561660766602
            ]
        },
        "NUC Tr": {
            "auroc": [
                0.7591255307197571,
                0.7532780170440674,
                0.7578607797622681,
                0.7544909715652466,
                0.7536683082580566,
                0.751286506652832
            ],
            "aupr": [
                0.9735530614852905,
                0.9725667238235474,
                0.9730707406997681,
                0.9725638628005981,
                0.9722182750701904,
                0.9719851613044739
            ]
        },
        "NUC Va": {
            "auroc": [
                0.7517639398574829,
                0.7518328428268433,
                0.7518306970596313,
                0.751663863658905,
                0.7512131333351135,
                0.7519755363464355
            ],
            "aupr": [
                0.9728604555130005,
                0.9729127883911133,
                0.9727745056152344,
                0.9726963639259338,
                0.972540020942688,
                0.9728176593780518
            ]
        },
        "Soft SE": {
            "auroc": [
                0.7442130446434021,
                0.7442130446434021,
                0.7442130446434021,
                0.7442130446434021,
                0.7442130446434021,
                0.7442130446434021
            ],
            "aupr": [
                0.9720504879951477,
                0.9720504879951477,
                0.9720504879951477,
                0.9720504879951477,
                0.9720504879951477,
                0.9720504879951477
            ]
        }
    },
    "cifar10": {
        "Max Soft": {
            "auroc": [
                0.7263693809509277,
                0.7263693809509277,
                0.7263693809509277,
                0.7263693809509277,
                0.7263693809509277,
                0.7263693809509277
            ],
            "aupr": [
                0.9468950033187866,
                0.9468950033187866,
                0.9468950033187866,
                0.9468950033187866,
                0.9468950033187866,
                0.9468950033187866
            ]
        },
        "MCD SE": {
            "auroc": [
                0.7848696112632751,
                0.7847830653190613,
                0.7821801900863647,
                0.7826763987541199,
                0.7838870286941528,
                0.782638430595398
            ],
            "aupr": [
                0.9610862135887146,
                0.961273193359375,
                0.9605614542961121,
                0.9605854749679565,
                0.9610966444015503,
                0.9607769846916199
            ]
        },
        "MCD MI": {
            "auroc": [
                0.7784757614135742,
                0.7786513566970825,
                0.7754851579666138,
                0.7761997580528259,
                0.7772122025489807,
                0.7767722606658936
            ],
            "aupr": [
                0.9598549604415894,
                0.9596697092056274,
                0.9588581323623657,
                0.958962619304657,
                0.9595872163772583,
                0.9590691328048706
            ]
        },