{
    "2000": {
        "random": [
            0.5659999847412109,
            0.5649999976158142,
            0.5511999726295471,
            0.5259000062942505,
            0.5604000091552734
        ],
        "softmax_entropy": [
            0.5572999715805054,
            0.5580000281333923,
            0.548799991607666,
            0.5654000043869019,
            0.5404000282287598
        ],
        "NUC": [],
        "NUC Tr": [],
        "MC_drop": {
            "SE": [
                0.536899983882904,
                0.5602999925613403,
                0.5364000201225281,
                0.5356000065803528,
                0.5604000091552734
            ],
            "MI": [
                0.5367000102996826,
                0.5533000230789185,
                0.5407999753952026,
                0.5321000218391418,
                0.5580000281333923
            ]
        },
        "Ensembles": {
            "BaggingEns": {
                "SE": [],
                "MI": []
            },
            "RandomInitShuffleEns": {
                "SE": [],
                "MI": []
            },
            "DataAugmentationEns": {
                "SE": [
                    0.5356000065803528,
                    0.5591999888420105,
                    0.5462999939918518
                ],
                "MI": []
            }
        }
    },
    "3000": {
        "random": [
            0.5752000212669373,
            0.5580000281333923,
            0.5896000266075134,
            0.5437999963760376,
            0.5681999921798706
        ],
        "softmax_entropy": [
            0.5849000215530396,
            0.5738999843597412,
            0.5751000046730042,
            0.5766000151634216,
            0.5760999917984009
        ],
        "NUC": [],
        "NUC Tr": [],
        "MC_drop": {
            "SE": [
                0.5655999779701233,
                0.5759999752044678,
                0.5493999719619751,
                0.5605999827384949,
                0.5564000010490417
            ],
            "MI": [
                0.5706999897956848,
                0.5523999929428101,
                0.5745000243186951,
                0.5648999810218811,
                0.5577999949455261
            ]
        },
        "Ensembles": {
            "BaggingEns": {
                "SE": [],
                "MI": []
            },
            "RandomInitShuffleEns": {
                "SE": [],
                "MI": []
            },
            "DataAugmentationEns": {
                "SE": [
                    0.5760999917984009,
                    0.5629000067710876,
                    0.5580000281333923
                ],
                "MI": []
            }
        }
    },
    "4000": {
        "random": [
            0.5995000004768372,
            0.5752999782562256,
            0.5824000239372253,
            0.5831000208854675,
            0.5867000222206116
        ],
        "softmax_entropy": [
            0.5881999731063843,
            0.5859000086784363,
            0.5929999947547913,
            0.5924999713897705,
            0.590399980545044
        ],
        "NUC": [],
        "NUC Tr": [],
        "MC_drop": {
            "SE": [
                0.5882999897003174,
                0.5852000117301941,
                0.5878000259399414,
                0.5891000032424927,
                0.5878000259399414
            ],
            "MI": [
                0.5910000205039978,
                0.5695000290870667,
                0.5855000019073486,
                0.5871000289916992,
                0.597100019454956
            ]
        },
        "Ensembles": {
            "BaggingEns": {
                "SE": [],
                "MI": []
            },
            "RandomInitShuffleEns": {
                "SE": [],
                "MI": []
            },
            "DataAugmentationEns": {
                "SE": [
                    0.5698000192642212,
                    0.5799999833106995,
                    0.5825999975204468
                ],
                "MI": []
            }
        }
    },
    "5000": {
        "random": [
            0.5830000042915344,
            0.609000027179718,
            0.6093000173568726,
            0.5873000025749207,
            0.5942000150680542
        ],
        "softmax_entropy": [
            0.6043999791145325,
            0.5774000287055969,
            0.6008999943733215,
            0.5752000212669373,
            0.5974000096321106
        ],
        "NUC": [],
        "NUC Tr": [],
        "MC_drop": {
            "SE": [
                0.5799999833106995,
                0.602400004863739,
                0.5950999855995178,
                0.5924999713897705,
                0.590499997138977
            ],
            "MI": [
                0.5916000008583069,
                0.6114000082015991,
                0.6128000020980835,
                0.5967000126838684,
                0.5877000093460083
            ]
        },
        "Ensembles": {
            "BaggingEns": {
                "SE": [],
                "MI": []
            },
            "RandomInitShuffleEns": {
                "SE": [],
                "MI": []
            },
            "DataAugmentationEns": {
                "SE": [
                    0.5735999941825867,
                    0.5735999941825867,
                    0.5713000297546387
                ],
                "MI": []
            }
        }
    },
    "6000": {
        "random": [
            0.6195999979972839,
            0.6126999855041504,
            0.6182000041007996,
            0.5845999717712402,
            0.6129000186920166
        ],
        "softmax_entropy": [
            0.6187999844551086,
            0.5989999771118164,
            0.6082000136375427,
            0.590499997138977,
            0.6176000237464905
        ],
        "NUC": [],
        "NUC Tr": [],
        "MC_drop": {
            "SE": [
                0.6169000267982483,
                0.6057000160217285,
                0.614300012588501,
                0.5990999937057495,
                0.5968000292778015
            ],
            "MI": [
                0.6150000095367432,
                0.6021000146865845,
                0.6158000230789185,
                0.6123999953269958,
                0.6104999780654907
            ]
        },
        "Ensembles": {
            "BaggingEns": {
                "SE": [],
                "MI": []
            },
            "RandomInitShuffleEns": {
                "SE": [],
                "MI": []
            },
            "DataAugmentationEns": {
                "SE": [
                    0.5825999975204468,
                    0.5885000228881836,
                    0.5945000052452087
                ],
                "MI": []
            }
        }
    },
    "7000": {
        "random": [
            0.6071000099182129,
            0.6266999840736389,
            0.6349999904632568,
            0.6237000226974487,
            0.6141999959945679
        ],
        "softmax_entropy": [
            0.6234999895095825,
            0.623199999332428,
            0.6227999925613403,
            0.5996000170707703,
            0.6168000102043152
        ],
        "NUC": [],
        "NUC Tr": [],
        "MC_drop": {
            "SE": [
                0.6093000173568726,
                0.6193000078201294,
                0.6229000091552734,
                0.616599977016449,
                0.5898000001907349
            ],
            "MI": [
                0.6270999908447266,
                0.6233000159263611,
                0.6082000136375427,
                0.6266999840736389,
                0.6288999915122986
            ]
        },
        "Ensembles": {
            "BaggingEns": {
                "SE": [],
                "MI": []
            },
            "RandomInitShuffleEns": {
                "SE": [],