{
    "1100": {
        "just_divers": [
            0.5473999977111816,
            0.5127999782562256,
            0.5274999737739563,
            0.5160999894142151,
            0.5238000154495239,
            0.5324000120162964,
            0.5185999870300293,
            0.5192999839782715,
            0.550000011920929,
            0.5267999768257141
        ],
        "softmax_entropy": [],
        "NUC Va": [
            0.5325999855995178,
            0.5421000123023987,
            0.5273000001907349,
            0.5357999801635742,
            0.5212000012397766,
            0.5386999845504761,
            0.5396999716758728,
            0.5454000234603882,
            0.5331000089645386,
            0.525600016117096
        ],
        "NUC Tr": [],
        "MC_drop": {
            "PE": [],
            "MI": [
                0.5421000123023987,
                0.527400016784668,
                0.5159000158309937,
                0.5314000248908997,
                0.5493999719619751,
                0.5475999712944031,
                0.5464000105857849,
                0.5322999954223633,
                0.5375000238418579,
                0.5253999829292297
            ]
        },
        "Ensembles": {
            "BaggingEns": {
                "PE": [],
                "MI": []
            },
            "DataAugmentationEns": {
                "PE": [],
                "MI": [
                    0.5349000096321106,
                    0.5479999780654907,
                    0.5351999998092651,
                    0.5472000241279602,
                    0.5212000012397766,
                    0.5360999703407288,
                    0.5340999960899353,
                    0.5509999990463257,
                    0.544700026512146,
                    0.5293999910354614
                ]
            }
        }
    },
    "1200": {
        "just_divers": [
            0.5343999862670898,
            0.535099983215332,
            0.5304999947547913,
            0.5389999747276306,
            0.5246000289916992,
            0.5273000001907349,
            0.5271999835968018,
            0.5235000252723694,
            0.5458999872207642,
            0.534500002861023
        ],
        "softmax_entropy": [],
        "NUC Va": [
            0.5514000058174133,
            0.5519000291824341,
            0.5364000201225281,
            0.5388000011444092,
            0.5515999794006348,
            0.5422000288963318,
            0.5241000056266785,
            0.5385000109672546,
            0.5425000190734863,
            0.5361999869346619
        ],
        "NUC Tr": [],
        "MC_drop": {
            "PE": [],
            "MI": [
                0.5339999794960022,
                0.5385000109672546,
                0.5397999882698059,
                0.5353000164031982,
                0.5234000086784363,
                0.5289999842643738,
                0.5436000227928162,
                0.5392000079154968,
                0.5260000228881836,
                0.5411999821662903
            ]
        },
        "Ensembles": {
            "BaggingEns": {
                "PE": [],
                "MI": []
            },
            "DataAugmentationEns": {
                "PE": [],
                "MI": [
                    0.5376999974250793,
                    0.5281999707221985,
                    0.527899980545044,
                    0.546999990940094,
                    0.5248000025749207,
                    0.5475000143051147,
                    0.5490000247955322,
                    0.5404999852180481,
                    0.5425999760627747,
                    0.5307999849319458
                ]
            }
        }
    },
    "1300": {
        "just_divers": [
            0.5418000221252441,
            0.546500027179718,
            0.5364000201225281,
            0.5228999853134155,
            0.5544999837875366,
            0.5529999732971191,
            0.5404000282287598,
            0.5299000144004822,
            0.5404999852180481,
            0.5397999882698059
        ],
        "softmax_entropy": [],
        "NUC Va": [
            0.5356000065803528,
            0.5304999947547913,
            0.5424000024795532,
            0.5414999723434448,
            0.5354999899864197,
            0.531000018119812,
            0.5473999977111816,
            0.5407000184059143,
            0.5379999876022339,
            0.5382000207901001
        ],
        "NUC Tr": [],
        "MC_drop": {
            "PE": [],
            "MI": [
                0.5604000091552734,
                0.535099983215332,
                0.5498999953269958,
                0.5302000045776367,
                0.5523999929428101,
                0.5479000210762024,
                0.5530999898910522,
                0.5436999797821045,
                0.5486999750137329,
                0.5511000156402588
            ]
        },
        "Ensembles": {
            "BaggingEns": {
                "PE": [],
                "MI": []
            },
            "DataAugmentationEns": {
                "PE": [],
                "MI": [
                    0.5418999791145325,
                    0.5464000105857849,
                    0.5331000089645386,
                    0.545199990272522,
                    0.5422999858856201,
                    0.555899977684021,
                    0.5460000038146973,
                    0.5550000071525574,
                    0.546999990940094,
                    0.5548999905586243
                ]
            }
        }
    },
    "1400": {
        "just_divers": [
            0.567799985408783,
            0.5285000205039978,
            0.5476999878883362,
            0.5454999804496765,
            0.5327000021934509,
            0.5406000018119812,
            0.5547000169754028,
            0.5544000267982483,
            0.5454000234603882,
            0.5432000160217285
        ],
        "softmax_entropy": [],
        "NUC Va": [
            0.5400999784469604,
            0.5388000011444092,
            0.5476999878883362,
            0.552299976348877,
            0.5389000177383423,
            0.5299999713897705,
            0.5521000027656555,
            0.5455999970436096,
            0.534500002861023,
            0.5544999837875366
        ],
        "NUC Tr": [],
        "MC_drop": {
            "PE": [],
            "MI": [
                0.5462999939918518,
                0.5516999959945679,
                0.5404000282287598,
                0.5508000254631042,
                0.5568000078201294,
                0.5523999929428101,
                0.5449000000953674,
                0.5552999973297119,
                0.5539000034332275,
                0.539900004863739
            ]
        },
        "Ensembles": {
            "BaggingEns": {
                "PE": [],
                "MI": []
            },
            "DataAugmentationEns": {
                "PE": [],
                "MI": [
                    0.5461000204086304,
                    0.5461000204086304,
                    0.5358999967575073,
                    0.544700026512146,
                    0.5389000177383423,
                    0.5435000061988831,
                    0.5580999851226807,
                    0.5584999918937683,
                    0.5400999784469604,
                    0.5432000160217285
                ]
            }
        }
    },
    "1500": {
        "just_divers": [
            0.5504000186920166,
            0.5250999927520752,
            0.5546000003814697,
            0.5303999781608582,
            0.5410000085830688,
            0.5480999946594238,
            0.5579000115394592,
            0.5475000143051147,
            0.5522000193595886,
            0.5454000234603882
        ],
        "softmax_entropy": [],