{
    "11000": {
        "random": [
            0.6593999862670898,
            0.6560999751091003,
            0.6449000239372253,
            0.6575999855995178,
            0.6450999975204468
        ],
        "softmax_entropy": [
            0.6593999862670898,
            0.6567000150680542,
            0.6491000056266785,
            0.6478000283241272,
            0.6473000049591064
        ],
        "NUC": [
            0.6561999917030334,
            0.654699981212616,
            0.6620000004768372,
            0.6527000069618225,
            0.6610000133514404
        ],
        "NUC Tr": [
            0.6571999788284302,
            0.6481000185012817,
            0.6601999998092651,
            0.6574000120162964,
            0.6572999954223633
        ],
        "MC_drop": {
            "SE": [
                0.6460999846458435,
                0.6606000065803528,
                0.6599000096321106,
                0.6514000296592712,
                0.6524999737739563
            ],
            "MI": [
                0.6499000191688538,
                0.6599000096321106,
                0.6596999764442444,
                0.6535999774932861,
                0.65420001745224
            ]
        },
        "Ensembles": {
            "BaggingEns": {
                "SE": [],
                "MI": []
            },
            "RandomInitShuffleEns": {
                "SE": [],
                "MI": []
            },
            "DataAugmentationEns": {
                "SE": [],
                "MI": []
            }
        }
    },
    "12000": {
        "random": [
            0.652400016784668,
            0.6625000238418579,
            0.6531999707221985,
            0.6527000069618225,
            0.6618000268936157
        ],
        "softmax_entropy": [
            0.6621000170707703,
            0.6509000062942505,
            0.6661999821662903,
            0.6599000096321106,
            0.6674000024795532
        ],
        "NUC": [
            0.6590999960899353,
            0.6542999744415283,
            0.6513000130653381,
            0.6462000012397766,
            0.6547999978065491
        ],
        "NUC Tr": [
            0.6553000211715698,
            0.6553999781608582,
            0.6657000184059143,
            0.6572999954223633,
            0.6628999710083008
        ],
        "MC_drop": {
            "SE": [
                0.6578999757766724,
                0.6632999777793884,
                0.6697999835014343,
                0.6656000018119812,
                0.6577000021934509
            ],
            "MI": [
                0.6643000245094299,
                0.6686999797821045,
                0.6621999740600586,
                0.6661999821662903,
                0.6632999777793884
            ]
        },
        "Ensembles": {
            "BaggingEns": {
                "SE": [],
                "MI": []
            },
            "RandomInitShuffleEns": {
                "SE": [],
                "MI": []
            },
            "DataAugmentationEns": {
                "SE": [],
                "MI": []
            }
        }
    },
    "13000": {
        "random": [
            0.6639000177383423,
            0.6589999794960022,
            0.6571000218391418,
            0.6575999855995178,
            0.6658999919891357
        ],
        "softmax_entropy": [
            0.6650999784469604,
            0.6722999811172485,
            0.6714000105857849,
            0.6707000136375427,
            0.6754000186920166
        ],
        "NUC": [
            0.6564000248908997,
            0.6654000282287598,
            0.6672000288963318,
            0.6704000234603882,
            0.6741999983787537
        ],
        "NUC Tr": [
            0.6700999736785889,
            0.6700999736785889,
            0.6732000112533569,
            0.6646000146865845,
            0.671500027179718
        ],
        "MC_drop": {
            "SE": [
                0.6650000214576721,
                0.6614999771118164,
                0.6599000096321106,
                0.6614000201225281,
                0.6703000068664551
            ],
            "MI": [
                0.6653000116348267,
                0.6704999804496765,
                0.6639000177383423,
                0.6751000285148621,
                0.6773999929428101
            ]
        },
        "Ensembles": {
            "BaggingEns": {
                "SE": [],
                "MI": []
            },
            "RandomInitShuffleEns": {
                "SE": [],
                "MI": []
            },
            "DataAugmentationEns": {
                "SE": [],
                "MI": []
            }
        }
    },
    "14000": {
        "random": [
            0.6710000038146973,
            0.666100025177002,
            0.6632999777793884,
            0.669700026512146,
            0.6643999814987183
        ],
        "softmax_entropy": [
            0.6705999970436096,
            0.6718000173568726,
            0.6686000227928162,
            0.6693000197410583,
            0.6789000034332275
        ],
        "NUC": [
            0.6741999983787537,
            0.6751000285148621,
            0.6725999712944031,
            0.6660000085830688,
            0.6751000285148621
        ],
        "NUC Tr": [
            0.6761999726295471,
            0.6791999936103821,
            0.6682999730110168,
            0.680899977684021,
            0.6769999861717224
        ],
        "MC_drop": {
            "SE": [
                0.6686000227928162,
                0.6728000044822693,
                0.6747000217437744,
                0.6747999787330627,
                0.6736000180244446
            ],
            "MI": [
                0.6794000267982483,
                0.66839998960495,
                0.6740000247955322,
                0.6765999794006348,
                0.6819999814033508
            ]
        },
        "Ensembles": {
            "BaggingEns": {
                "SE": [],
                "MI": []
            },
            "RandomInitShuffleEns": {
                "SE": [],
                "MI": []
            },
            "DataAugmentationEns": {
                "SE": [],
                "MI": []
            }
        }
    },
    "15000": {
        "random": [
            0.6703000068664551,
            0.6671000123023987,
            0.6741999983787537,
            0.6669999957084656,
            0.6690000295639038
        ],
        "softmax_entropy": [
            0.6783000230789185,
            0.6725999712944031,
            0.6913999915122986,
            0.6784999966621399,
            0.6757000088691711
        ],
        "NUC": [
            0.678600013256073,
            0.675000011920929,
            0.6833999752998352,
            0.6789000034332275,
            0.6812000274658203
        ],
        "NUC Tr": [
            0.684499979019165,
            0.6837000250816345,
            0.6690000295639038,
            0.6757000088691711,
            0.6679999828338623
        ],
        "MC_drop": {
            "SE": [
                0.6822999715805054,
                0.6784999966621399,
                0.6744999885559082,
                0.673799991607666,
                0.6779999732971191
            ],
            "MI": [
                0.6819000244140625,
                0.6797000169754028,
                0.6823999881744385,
                0.6840000152587891,
                0.6718999743461609
            ]
        },
        "Ensembles": {
            "BaggingEns": {
                "SE": [],
                "MI": []
            },
            "RandomInitShuffleEns": {
                "SE": [],
                "MI": []
            },
            "DataAugmentationEns": {
                "SE": [],
                "MI": []
            }
        }
    },