{
    "2000": {
        "just_divers": [
            0.5576000213623047,
            0.5593000054359436,
            0.567799985408783,
            0.5454000234603882,
            0.5666999816894531,
            0.5605000257492065,
            0.5486000180244446,
            0.572700023651123,
            0.5669999718666077,
            0.5630999803543091
        ],
        "softmax_entropy": [],
        "NUC Va": [
            0.5608999729156494,
            0.5604000091552734,
            0.5586000084877014,
            0.5687999725341797,
            0.5544000267982483,
            0.5781999826431274,
            0.5692999958992004,
            0.5648000240325928,
            0.558899998664856,
            0.5615000128746033
        ],
        "NUC Tr": [],
        "MC_drop": {
            "PE": [],
            "MI": [
                0.542900025844574,
                0.570900022983551,
                0.5634999871253967,
                0.5551999807357788,
                0.5712000131607056,
                0.5591999888420105,
                0.5536999702453613,
                0.5497000217437744,
                0.5677000284194946,
                0.5526999831199646
            ]
        },
        "Ensembles": {
            "BaggingEns": {
                "PE": [],
                "MI": []
            },
            "DataAugmentationEns": {
                "PE": [],
                "MI": [
                    0.5676000118255615,
                    0.5436999797821045,
                    0.5575000047683716,
                    0.5705999732017517,
                    0.5593000054359436
                ]
            }
        }
    },
    "3000": {
        "just_divers": [
            0.5773000121116638,
            0.5893999934196472,
            0.5809000134468079,
            0.5842999815940857,
            0.5960000157356262,
            0.5870000123977661,
            0.5719000101089478,
            0.5860000252723694,
            0.5751000046730042,
            0.5778999924659729
        ],
        "softmax_entropy": [],
        "NUC Va": [
            0.59579998254776,
            0.5906999707221985,
            0.5828999876976013,
            0.5821999907493591,
            0.5766000151634216,
            0.5911999940872192,
            0.5938000082969666,
            0.5853999853134155,
            0.5767999887466431,
            0.5845999717712402
        ],
        "NUC Tr": [],
        "MC_drop": {
            "PE": [],
            "MI": [
                0.588699996471405,
                0.5799999833106995,
                0.5727999806404114,
                0.5823000073432922,
                0.5942999720573425,
                0.5728999972343445,
                0.5846999883651733,
                0.5741000175476074,
                0.5837000012397766,
                0.5874999761581421
            ]
        },
        "Ensembles": {
            "BaggingEns": {
                "PE": [],
                "MI": []
            },
            "DataAugmentationEns": {
                "PE": [],
                "MI": [
                    0.5889999866485596,
                    0.5906999707221985,
                    0.5800999999046326,
                    0.5764999985694885,
                    0.5954999923706055
                ]
            }
        }
    },
    "4000": {
        "just_divers": [
            0.598800003528595,
            0.5879999995231628,
            0.5982999801635742,
            0.5907999873161316,
            0.6007000207901001,
            0.590499997138977,
            0.602400004863739,
            0.5996999740600586,
            0.6205999851226807,
            0.6017000079154968
        ],
        "softmax_entropy": [],
        "NUC Va": [
            0.604200005531311,
            0.5964000225067139,
            0.6107000112533569,
            0.6014999747276306,
            0.5982000231742859,
            0.5978999733924866,
            0.5943999886512756,
            0.6044999957084656,
            0.5931000113487244,
            0.5777999758720398
        ],
        "NUC Tr": [],
        "MC_drop": {
            "PE": [],
            "MI": [
                0.5921000242233276,
                0.6007000207901001,
                0.6011000275611877,
                0.6062999963760376,
                0.6014999747276306,
                0.6085000038146973,
                0.6144999861717224,
                0.5993000268936157,
                0.6126000285148621,
                0.5960999727249146
            ]
        },
        "Ensembles": {
            "BaggingEns": {
                "PE": [],
                "MI": []
            },
            "DataAugmentationEns": {
                "PE": [],
                "MI": [
                    0.5920000076293945,
                    0.6051999926567078,
                    0.605400025844574,
                    0.6047000288963318,
                    0.6089000105857849
                ]
            }
        }
    },
    "5000": {
        "just_divers": [
            0.6122999787330627,
            0.6010000109672546,
            0.6140999794006348,
            0.6158999800682068,
            0.6118000149726868,
            0.6155999898910522,
            0.6118000149726868,
            0.6115000247955322,
            0.6144000291824341,
            0.6134999990463257
        ],
        "softmax_entropy": [],
        "NUC Va": [
            0.5989999771118164,
            0.6189000010490417,
            0.6205999851226807,
            0.6154999732971191,
            0.6144999861717224,
            0.6193000078201294,
            0.6129000186920166,
            0.6082000136375427,
            0.6195999979972839,
            0.6050999760627747
        ],
        "NUC Tr": [],
        "MC_drop": {
            "PE": [],
            "MI": [
                0.619700014591217,
                0.6086000204086304,
                0.6114000082015991,
                0.6187000274658203,
                0.5992000102996826,
                0.621999979019165,
                0.618399977684021,
                0.6176999807357788,
                0.6129000186920166,
                0.6067000031471252
            ]
        },
        "Ensembles": {
            "BaggingEns": {
                "PE": [],
                "MI": []
            },
            "DataAugmentationEns": {
                "PE": [],
                "MI": [
                    0.6155999898910522,
                    0.607200026512146,
                    0.612500011920929,
                    0.6150000095367432,
                    0.6200000047683716
                ]
            }
        }
    },
    "6000": {
        "just_divers": [
            0.6215000152587891,
            0.6365000009536743,
            0.6261000037193298,
            0.625,
            0.6057999730110168,
            0.6234999895095825,
            0.6090999841690063,
            0.6212000250816345,
            0.6297000050544739,
            0.6226999759674072
        ],
        "softmax_entropy": [],
        "NUC Va": [
            0.6241000294685364,
            0.6244000196456909,
            0.6280999779701233,
            0.6251999735832214,
            0.6219000220298767,
            0.6384999752044678,
            0.6190999746322632,
            0.6222000122070312,
            0.6327999830245972,
            0.6194000244140625
        ],
        "NUC Tr": [],
        "MC_drop": {
            "PE": [],
            "MI": [
                0.6229000091552734,
                0.6140000224113464,
                0.6162999868392944,
                0.6216999888420105,
                0.6251000165939331,
                0.6211000084877014,
                0.6299999952316284,
                0.6237000226974487,
                0.6327999830245972,
                0.628600001335144
            ]
        },
        "Ensembles": {
            "BaggingEns": {
                "PE": [],
                "MI": []
            },