{
    "11000": {
        "just_divers": [
            0.6514999866485596,
            0.6590999960899353,
            0.6615999937057495,
            0.6639000177383423,
            0.654699981212616,
            0.6503999829292297,
            0.6575999855995178,
            0.6632999777793884,
            0.6614999771118164,
            0.6504999995231628
        ],
        "softmax_entropy": [],
        "NUC Va": [
            0.6552000045776367,
            0.65420001745224,
            0.6597999930381775,
            0.6610999703407288,
            0.6611999869346619,
            0.6672999858856201,
            0.6582000255584717,
            0.6639999747276306,
            0.6644999980926514,
            0.6510000228881836
        ],
        "NUC Tr": [],
        "MC_drop": {
            "PE": [],
            "MI": [
                0.6582000255584717,
                0.6523000001907349,
                0.6571000218391418,
                0.6585999727249146,
                0.6577000021934509,
                0.6653000116348267,
                0.6583999991416931,
                0.659500002861023,
                0.6514000296592712,
                0.6572999954223633
            ]
        },
        "Ensembles": {
            "BaggingEns": {
                "PE": [],
                "MI": []
            },
            "DataAugmentationEns": {
                "PE": [],
                "MI": [
                    0.6632999777793884,
                    0.6600000262260437,
                    0.6628000140190125,
                    0.6604999899864197
                ]
            }
        }
    },
    "12000": {
        "just_divers": [
            0.6582000255584717,
            0.6697999835014343,
            0.6568999886512756,
            0.6583999991416931,
            0.6593999862670898,
            0.6653000116348267,
            0.6552000045776367,
            0.6693999767303467,
            0.6705999970436096,
            0.6607000231742859
        ],
        "softmax_entropy": [],
        "NUC Va": [
            0.6621000170707703,
            0.6650999784469604,
            0.6689000129699707,
            0.660099983215332,
            0.6693999767303467,
            0.6651999950408936,
            0.6685000061988831,
            0.6622999906539917,
            0.6589999794960022,
            0.6650999784469604
        ],
        "NUC Tr": [],
        "MC_drop": {
            "PE": [],
            "MI": [
                0.6690000295639038,
                0.6618000268936157,
                0.6689000129699707,
                0.6680999994277954,
                0.6611999869346619,
                0.6693999767303467,
                0.6665999889373779,
                0.6657000184059143,
                0.6601999998092651,
                0.6715999841690063
            ]
        },
        "Ensembles": {
            "BaggingEns": {
                "PE": [],
                "MI": []
            },
            "DataAugmentationEns": {
                "PE": [],
                "MI": [
                    0.6590999960899353,
                    0.6559000015258789,
                    0.6632999777793884,
                    0.6557000279426575
                ]
            }
        }
    },
    "13000": {
        "just_divers": [
            0.6686000227928162,
            0.6726999878883362,
            0.6682000160217285,
            0.6694999933242798,
            0.6682999730110168,
            0.6705999970436096,
            0.6643000245094299,
            0.6704999804496765,
            0.6626999974250793,
            0.6715999841690063
        ],
        "softmax_entropy": [],
        "NUC Va": [
            0.6718000173568726,
            0.6747999787330627,
            0.6596999764442444,
            0.666700005531311,
            0.6690999865531921,
            0.6678000092506409,
            0.6675000190734863,
            0.6680999994277954,
            0.6726999878883362,
            0.6653000116348267
        ],
        "NUC Tr": [],
        "MC_drop": {
            "PE": [],
            "MI": [
                0.6710000038146973,
                0.657800018787384,
                0.6708999872207642,
                0.6662999987602234,
                0.67330002784729,
                0.6610000133514404,
                0.6717000007629395,
                0.6682000160217285,
                0.67330002784729,
                0.6661999821662903
            ]
        },
        "Ensembles": {
            "BaggingEns": {
                "PE": [],
                "MI": []
            },
            "DataAugmentationEns": {
                "PE": [],
                "MI": [
                    0.6700000166893005,
                    0.6682999730110168,
                    0.6607999801635742,
                    0.6699000000953674
                ]
            }
        }
    },
    "14000": {
        "just_divers": [
            0.670799970626831,
            0.6757000088691711,
            0.6671000123023987,
            0.6718000173568726,
            0.6679999828338623,
            0.6711000204086304,
            0.67330002784729,
            0.6758999824523926,
            0.6721000075340271,
            0.6762999892234802
        ],
        "softmax_entropy": [],
        "NUC Va": [
            0.6693999767303467,
            0.6693000197410583,
            0.6700999736785889,
            0.6747000217437744,
            0.6682999730110168,
            0.6672999858856201,
            0.6632999777793884,
            0.6757000088691711,
            0.6679999828338623,
            0.6733999848365784
        ],
        "NUC Tr": [],
        "MC_drop": {
            "PE": [],
            "MI": [
                0.6725999712944031,
                0.6721000075340271,
                0.6794000267982483,
                0.6635000109672546,
                0.6730999946594238,
                0.6703000068664551,
                0.6736999750137329,
                0.6697999835014343,
                0.6736000180244446,
                0.6692000031471252
            ]
        },
        "Ensembles": {
            "BaggingEns": {
                "PE": [],
                "MI": []
            },
            "DataAugmentationEns": {
                "PE": [],
                "MI": [
                    0.6761999726295471,
                    0.671500027179718,
                    0.6784999966621399,
                    0.6642000079154968
                ]
            }
        }
    },
    "15000": {
        "just_divers": [
            0.6718000173568726,
            0.6779000163078308,
            0.6759999990463257,
            0.6687999963760376,
            0.6746000051498413,
            0.6783000230789185,
            0.6710000038146973,
            0.6739000082015991,
            0.6779999732971191,
            0.675599992275238
        ],
        "softmax_entropy": [],
        "NUC Va": [
            0.6744999885559082,
            0.6656000018119812,
            0.6783999800682068,
            0.6761000156402588,
            0.6777999997138977,
            0.6703000068664551,
            0.6718000173568726,
            0.6764000058174133,
            0.6726999878883362,
            0.671999990940094
        ],
        "NUC Tr": [],
        "MC_drop": {
            "PE": [],
            "MI": [
                0.6700999736785889,
                0.675599992275238,
                0.6801999807357788,
                0.6583999991416931,
                0.6787999868392944,
                0.6693000197410583,
                0.6759999990463257,
                0.6816999912261963,
                0.6744999885559082,
                0.6726999878883362
            ]
        },
        "Ensembles": {
            "BaggingEns": {
                "PE": [],
                "MI": []
            },
            "DataAugmentationEns": {
                "PE": [],