{
    "200": {
        "just_divers": [
            0.43849998712539673,
            0.43130001425743103,
            0.4034000039100647,
            0.4207000136375427,
            0.4237000048160553,
            0.42309999465942383,
            0.43779999017715454,
            0.43790000677108765,
            0.4309000074863434,
            0.444599986076355,
            0.4271000027656555
        ],
        "softmax_entropy": [],
        "NUC Va": [
            0.4172999858856201,
            0.44290000200271606,
            0.413100004196167,
            0.4009000062942505,
            0.4341000020503998,
            0.41929998993873596,
            0.44449999928474426,
            0.42910000681877136,
            0.4490000009536743,
            0.4142000079154968,
            0.4239000082015991
        ],
        "NUC Tr": [],
        "MC_drop": {
            "PE": [],
            "MI": [
                0.4410000145435333,
                0.3937999904155731,
                0.4262999892234802,
                0.43470001220703125,
                0.4560000002384186,
                0.4009999930858612,
                0.43320000171661377,
                0.4424000084400177,
                0.4140999913215637,
                0.427700012922287
            ]
        },
        "Ensembles": {
            "BaggingEns": {
                "PE": [],
                "MI": []
            },
            "DataAugmentationEns": {
                "PE": [],
                "MI": [
                    0.4406999945640564,
                    0.44530001282691956,
                    0.44449999928474426,
                    0.43950000405311584,
                    0.44589999318122864
                ]
            }
        }
    },
    "300": {
        "just_divers": [
            0.45590001344680786,
            0.47279998660087585,
            0.4422000050544739,
            0.4462999999523163,
            0.4575999975204468,
            0.4505999982357025,
            0.45399999618530273,
            0.4602000117301941,
            0.4666999876499176,
            0.4648999869823456
        ],
        "softmax_entropy": [],
        "NUC Va": [
            0.4593000113964081,
            0.4657999873161316,
            0.46299999952316284,
            0.4575999975204468,
            0.45170000195503235,
            0.4124999940395355,
            0.45579999685287476,
            0.44909998774528503,
            0.4487000107765198,
            0.43939998745918274,
            0.4359999895095825
        ],
        "NUC Tr": [],
        "MC_drop": {
            "PE": [],
            "MI": [
                0.47679999470710754,
                0.4530999958515167,
                0.445499986410141,
                0.4632999897003174,
                0.44510000944137573,
                0.4447000026702881,
                0.4474000036716461,
                0.4388999938964844,
                0.43810001015663147,
                0.46299999952316284
            ]
        },
        "Ensembles": {
            "BaggingEns": {
                "PE": [],
                "MI": []
            },
            "DataAugmentationEns": {
                "PE": [],
                "MI": [
                    0.47920000553131104,
                    0.47110000252723694,
                    0.45910000801086426,
                    0.46939998865127563,
                    0.4758000075817108
                ]
            }
        }
    },
    "400": {
        "just_divers": [
            0.4505000114440918,
            0.49140000343322754,
            0.46790000796318054,
            0.47380000352859497,
            0.4724000096321106,
            0.48030000925064087,
            0.4772000014781952,
            0.4706000089645386,
            0.46380001306533813,
            0.4643000066280365
        ],
        "softmax_entropy": [],
        "NUC Va": [
            0.4787999987602234,
            0.47350001335144043,
            0.46160000562667847,
            0.47369998693466187,
            0.46869999170303345,
            0.475600004196167,
            0.47609999775886536,
            0.46700000762939453,
            0.47119998931884766,
            0.4586000144481659
        ],
        "NUC Tr": [],
        "MC_drop": {
            "PE": [],
            "MI": [
                0.48179998993873596,
                0.47690001130104065,
                0.46560001373291016,
                0.48669999837875366,
                0.4641999900341034,
                0.47920000553131104,
                0.46369999647140503,
                0.48579999804496765,
                0.4578999876976013,
                0.46239998936653137
            ]
        },
        "Ensembles": {
            "BaggingEns": {
                "PE": [],
                "MI": []
            },
            "DataAugmentationEns": {
                "PE": [],
                "MI": [
                    0.48170000314712524,
                    0.48089998960494995,
                    0.47519999742507935,
                    0.487199991941452,
                    0.4690000116825104
                ]
            }
        }
    },
    "500": {
        "just_divers": [
            0.49729999899864197,
            0.4869000017642975,
            0.476500004529953,
            0.4945000112056732,
            0.46219998598098755,
            0.48660001158714294,
            0.4643000066280365,
            0.4724999964237213,
            0.4878000020980835,
            0.4961000084877014
        ],
        "softmax_entropy": [],
        "NUC Va": [
            0.48730000853538513,
            0.48739999532699585,
            0.48559999465942383,
            0.49480000138282776,
            0.4700999855995178,
            0.46709999442100525,
            0.4936999976634979,
            0.4794999957084656,
            0.47999998927116394,
            0.47999998927116394
        ],
        "NUC Tr": [],
        "MC_drop": {
            "PE": [],
            "MI": [
                0.4977000057697296,
                0.4912000000476837,
                0.49149999022483826,
                0.5095999836921692,
                0.4903999865055084,
                0.4796000123023987,
                0.47200000286102295,
                0.48829999566078186,
                0.47510001063346863,
                0.47440001368522644
            ]
        },
        "Ensembles": {
            "BaggingEns": {
                "PE": [],
                "MI": []
            },
            "DataAugmentationEns": {
                "PE": [],
                "MI": [
                    0.49709999561309814,
                    0.5131000280380249,
                    0.48030000925064087,
                    0.492000013589859,
                    0.4878000020980835
                ]
            }
        }
    },
    "600": {
        "just_divers": [
            0.49709999561309814,
            0.5103999972343445,
            0.484499990940094,
            0.47760000824928284,
            0.49470001459121704,
            0.49140000343322754,
            0.47209998965263367,
            0.4999000132083893,
            0.4918999969959259,
            0.5008999705314636
        ],
        "softmax_entropy": [],
        "NUC Va": [
            0.4977000057697296,
            0.4724000096321106,
            0.4887999892234802,
            0.5055999755859375,
            0.4763000011444092,
            0.4982999861240387,
            0.525600016117096,
            0.4876999855041504,
            0.4952999949455261,
            0.492900013923645
        ],
        "NUC Tr": [],
        "MC_drop": {
            "PE": [],